age,sex,race_ethnicity,household_income,n
18,1,1,above_median,1
18,1,1,below_median,1
18,1,2,above_median,1
18,1,2,below_median,1
18,1,3,above_median,1
18,1,3,below_median,1
18,1,4,above_median,1
18,1,4,below_median,1
18,1,5,above_median,1
18,1,5,below_median,1
18,2,1,above_median,1
18,2,1,below_median,1
18,2,2,above_median,1
18,2,2,below_median,1
18,2,3,above_median,1
18,2,3,below_median,1
18,2,4,above_median,1
18,2,4,below_median,1
18,2,5,above_median,1
18,2,5,below_median,1
19,1,1,above_median,1
19,1,1,below_median,1
19,1,2,above_median,1
19,1,2,below_median,1
19,1,3,above_median,1
19,1,3,below_median,1
19,1,4,above_median,1
19,1,4,below_median,1
19,1,5,above_median,1
19,1,5,below_median,1
19,2,1,above_median,1
19,2,1,below_median,1
19,2,2,above_median,1
19,2,2,below_median,1
19,2,3,above_median,1
19,2,3,below_median,1
19,2,4,above_median,1
19,2,4,below_median,1
19,2,5,above_median,1
19,2,5,below_median,1
20,1,1,above_median,1
20,1,1,below_median,1
20,1,2,above_median,1
20,1,2,below_median,1
20,1,3,above_median,1
20,1,3,below_median,1
20,1,4,above_median,1
20,1,4,below_median,1
20,1,5,above_median,1
20,1,5,below_median,1
20,2,1,above_median,1
20,2,1,below_median,1
20,2,2,above_median,1
20,2,2,below_median,1
20,2,3,above_median,1
20,2,3,below_median,1
20,2,4,above_median,1
20,2,4,below_median,1
20,2,5,above_median,1
20,2,5,below_median,1
21,1,1,above_median,1
21,1,1,below_median,1
21,1,2,above_median,1
21,1,2,below_median,1
21,1,3,above_median,1
21,1,3,below_median,1
21,1,4,above_median,1
21,1,4,below_median,1
21,1,5,above_median,1
21,1,5,below_median,1
21,2,1,above_median,1
21,2,1,below_median,1
21,2,2,above_median,1
21,2,2,below_median,1
21,2,3,above_median,1
21,2,3,below_median,1
21,2,4,above_median,1
21,2,4,below_median,1
21,2,5,above_median,1
21,2,5,below_median,1
22,1,1,above_median,1
22,1,1,below_median,1
22,1,2,above_median,1
22,1,2,below_median,1
22,1,3,above_median,1
22,1,3,below_median,1
22,1,4,above_median,1
22,1,4,below_median,1
22,1,5,above_median,1
22,1,5,below_median,1
22,2,1,above_median,1
22,2,1,below_median,1
22,2,2,above_median,1
22,2,2,below_median,1
22,2,3,above_median,1
22,2,3,below_median,1
22,2,4,above_median,1
22,2,4,below_median,1
22,2,5,above_median,1
22,2,5,below_median,1
23,1,1,above_median,1
23,1,1,below_median,1
23,1,2,above_median,1
23,1,2,below_median,1
23,1,3,above_median,1
23,1,3,below_median,1
23,1,4,above_median,1
23,1,4,below_median,1
23,1,5,above_median,1
23,1,5,below_median,1
23,2,1,above_median,1
23,2,1,below_median,1
23,2,2,above_median,1
23,2,2,below_median,1
23,2,3,above_median,1
23,2,3,below_median,1
23,2,4,above_median,1
23,2,4,below_median,1
23,2,5,above_median,1
23,2,5,below_median,1
24,1,1,above_median,1
24,1,1,below_median,1
24,1,2,above_median,1
24,1,2,below_median,1
24,1,3,above_median,1
24,1,3,below_median,1
24,1,4,above_median,1
24,1,4,below_median,1
24,1,5,above_median,1
24,1,5,below_median,1
24,2,1,above_median,1
24,2,1,below_median,1
24,2,2,above_median,1
24,2,2,below_median,1
24,2,3,above_median,1
24,2,3,below_median,1
24,2,4,above_median,1
24,2,4,below_median,1
24,2,5,above_median,1
24,2,5,below_median,1
25,1,1,above_median,1
25,1,1,below_median,1
25,1,2,above_median,1
25,1,2,below_median,1
25,1,3,above_median,1
25,1,3,below_median,1
25,1,4,above_median,1
25,1,4,below_median,1
25,1,5,above_median,1
25,1,5,below_median,1
25,2,1,above_median,1
25,2,1,below_median,1
25,2,2,above_median,1
25,2,2,below_median,1
25,2,3,above_median,1
25,2,3,below_median,1
25,2,4,above_median,1
25,2,4,below_median,1
25,2,5,above_median,1
25,2,5,below_median,1
26,1,1,above_median,1
26,1,1,below_median,1
26,1,2,above_median,1
26,1,2,below_median,1
26,1,3,above_median,1
26,1,3,below_median,1
26,1,4,above_median,1
26,1,4,below_median,1
26,1,5,above_median,1
26,1,5,below_median,1
26,2,1,above_median,1
26,2,1,below_median,1
26,2,2,above_median,1
26,2,2,below_median,1
26,2,3,above_median,1
26,2,3,below_median,1
26,2,4,above_median,1
26,2,4,below_median,1
26,2,5,above_median,1
26,2,5,below_median,1
27,1,1,above_median,1
27,1,1,below_median,1
27,1,2,above_median,1
27,1,2,below_median,1
27,1,3,above_median,1
27,1,3,below_median,1
27,1,4,above_median,1
27,1,4,below_median,1
27,1,5,above_median,1
27,1,5,below_median,1
27,2,1,above_median,1
27,2,1,below_median,1
27,2,2,above_median,1
27,2,2,below_median,1
27,2,3,above_median,1
27,2,3,below_median,1
27,2,4,above_median,1
27,2,4,below_median,1
27,2,5,above_median,1
27,2,5,below_median,1
28,1,1,above_median,1
28,1,1,below_median,1
28,1,2,above_median,1
28,1,2,below_median,1
28,1,3,above_median,1
28,1,3,below_median,1
28,1,4,above_median,1
28,1,4,below_median,1
28,1,5,above_median,1
28,1,5,below_median,1
28,2,1,above_median,1
28,2,1,below_median,1
28,2,2,above_median,1
28,2,2,below_median,1
28,2,3,above_median,1
28,2,3,below_median,1
28,2,4,above_median,1
28,2,4,below_median,1
28,2,5,above_median,1
28,2,5,below_median,1
29,1,1,above_median,1
29,1,1,below_median,1
29,1,2,above_median,1
29,1,2,below_median,1
29,1,3,above_median,1
29,1,3,below_median,1
29,1,4,above_median,1
29,1,4,below_median,1
29,1,5,above_median,1
29,1,5,below_median,1
29,2,1,above_median,1
29,2,1,below_median,1
29,2,2,above_median,1
29,2,2,below_median,1
29,2,3,above_median,1
29,2,3,below_median,1
29,2,4,above_median,1
29,2,4,below_median,1
29,2,5,above_median,1
29,2,5,below_median,1
30,1,1,above_median,1
30,1,1,below_median,1
30,1,2,above_median,1
30,1,2,below_median,1
30,1,3,above_median,1
30,1,3,below_median,1
30,1,4,above_median,1
30,1,4,below_median,1
30,1,5,above_median,1
30,1,5,below_median,1
30,2,1,above_median,1
30,2,1,below_median,1
30,2,2,above_median,1
30,2,2,below_median,1
30,2,3,above_median,1
30,2,3,below_median,1
30,2,4,above_median,1
30,2,4,below_median,1
30,2,5,above_median,1
30,2,5,below_median,1
31,1,1,above_median,1
31,1,1,below_median,1
31,1,2,above_median,1
31,1,2,below_median,1
31,1,3,above_median,1
31,1,3,below_median,1
31,1,4,above_median,1
31,1,4,below_median,1
31,1,5,above_median,1
31,1,5,below_median,1
31,2,1,above_median,1
31,2,1,below_median,1
31,2,2,above_median,1
31,2,2,below_median,1
31,2,3,above_median,1
31,2,3,below_median,1
31,2,4,above_median,1
31,2,4,below_median,1
31,2,5,above_median,1
31,2,5,below_median,1
32,1,1,above_median,1
32,1,1,below_median,1
32,1,2,above_median,1
32,1,2,below_median,1
32,1,3,above_median,1
32,1,3,below_median,1
32,1,4,above_median,1
32,1,4,below_median,1
32,1,5,above_median,1
32,1,5,below_median,1
32,2,1,above_median,1
32,2,1,below_median,1
32,2,2,above_median,1
32,2,2,below_median,1
32,2,3,above_median,1
32,2,3,below_median,1
32,2,4,above_median,1
32,2,4,below_median,1
32,2,5,above_median,1
32,2,5,below_median,1
33,1,1,above_median,1
33,1,1,below_median,1
33,1,2,above_median,1
33,1,2,below_median,1
33,1,3,above_median,1
33,1,3,below_median,1
33,1,4,above_median,1
33,1,4,below_median,1
33,1,5,above_median,1
33,1,5,below_median,1
33,2,1,above_median,1
33,2,1,below_median,1
33,2,2,above_median,1
33,2,2,below_median,1
33,2,3,above_median,1
33,2,3,below_median,1
33,2,4,above_median,1
33,2,4,below_median,1
33,2,5,above_median,1
33,2,5,below_median,1
34,1,1,above_median,1
34,1,1,below_median,1
34,1,2,above_median,1
34,1,2,below_median,1
34,1,3,above_median,1
34,1,3,below_median,1
34,1,4,above_median,1
34,1,4,below_median,1
34,1,5,above_median,1
34,1,5,below_median,1
34,2,1,above_median,1
34,2,1,below_median,1
34,2,2,above_median,1
34,2,2,below_median,1
34,2,3,above_median,1
34,2,3,below_median,1
34,2,4,above_median,1
34,2,4,below_median,1
34,2,5,above_median,1
34,2,5,below_median,1
35,1,1,above_median,1
35,1,1,below_median,1
35,1,2,above_median,1
35,1,2,below_median,1
35,1,3,above_median,1
35,1,3,below_median,1
35,1,4,above_median,1
35,1,4,below_median,1
35,1,5,above_median,1
35,1,5,below_median,1
35,2,1,above_median,1
35,2,1,below_median,1
35,2,2,above_median,1
35,2,2,below_median,1
35,2,3,above_median,1
35,2,3,below_median,1
35,2,4,above_median,1
35,2,4,below_median,1
35,2,5,above_median,1
35,2,5,below_median,1
36,1,1,above_median,1
36,1,1,below_median,1
36,1,2,above_median,1
36,1,2,below_median,1
36,1,3,above_median,1
36,1,3,below_median,1
36,1,4,above_median,1
36,1,4,below_median,1
36,1,5,above_median,1
36,1,5,below_median,1
36,2,1,above_median,1
36,2,1,below_median,1
36,2,2,above_median,1
36,2,2,below_median,1
36,2,3,above_median,1
36,2,3,below_median,1
36,2,4,above_median,1
36,2,4,below_median,1
36,2,5,above_median,1
36,2,5,below_median,1
37,1,1,above_median,1
37,1,1,below_median,1
37,1,2,above_median,1
37,1,2,below_median,1
37,1,3,above_median,1
37,1,3,below_median,1
37,1,4,above_median,1
37,1,4,below_median,1
37,1,5,above_median,1
37,1,5,below_median,1
37,2,1,above_median,1
37,2,1,below_median,1
37,2,2,above_median,1
37,2,2,below_median,1
37,2,3,above_median,1
37,2,3,below_median,1
37,2,4,above_median,1
37,2,4,below_median,1
37,2,5,above_median,1
37,2,5,below_median,1
38,1,1,above_median,1
38,1,1,below_median,1
38,1,2,above_median,1
38,1,2,below_median,1
38,1,3,above_median,1
38,1,3,below_median,1
38,1,4,above_median,1
38,1,4,below_median,1
38,1,5,above_median,1
38,1,5,below_median,1
38,2,1,above_median,1
38,2,1,below_median,1
38,2,2,above_median,1
38,2,2,below_median,1
38,2,3,above_median,1
38,2,3,below_median,1
38,2,4,above_median,1
38,2,4,below_median,1
38,2,5,above_median,1
38,2,5,below_median,1
39,1,1,above_median,1
39,1,1,below_median,1
39,1,2,above_median,1
39,1,2,below_median,1
39,1,3,above_median,1
39,1,3,below_median,1
39,1,4,above_median,1
39,1,4,below_median,1
39,1,5,above_median,1
39,1,5,below_median,1
39,2,1,above_median,1
39,2,1,below_median,1
39,2,2,above_median,1
39,2,2,below_median,1
39,2,3,above_median,1
39,2,3,below_median,1
39,2,4,above_median,1
39,2,4,below_median,1
39,2,5,above_median,1
39,2,5,below_median,1
40,1,1,above_median,1
40,1,1,below_median,1
40,1,2,above_median,1
40,1,2,below_median,1
40,1,3,above_median,1
40,1,3,below_median,1
40,1,4,above_median,1
40,1,4,below_median,1
40,1,5,above_median,1
40,1,5,below_median,1
40,2,1,above_median,1
40,2,1,below_median,1
40,2,2,above_median,1
40,2,2,below_median,1
40,2,3,above_median,1
40,2,3,below_median,1
40,2,4,above_median,1
40,2,4,below_median,1
40,2,5,above_median,1
40,2,5,below_median,1
41,1,1,above_median,1
41,1,1,below_median,1
41,1,2,above_median,1
41,1,2,below_median,1
41,1,3,above_median,1
41,1,3,below_median,1
41,1,4,above_median,1
41,1,4,below_median,1
41,1,5,above_median,1
41,1,5,below_median,1
41,2,1,above_median,1
41,2,1,below_median,1
41,2,2,above_median,1
41,2,2,below_median,1
41,2,3,above_median,1
41,2,3,below_median,1
41,2,4,above_median,1
41,2,4,below_median,1
41,2,5,above_median,1
41,2,5,below_median,1
42,1,1,above_median,1
42,1,1,below_median,1
42,1,2,above_median,1
42,1,2,below_median,1
42,1,3,above_median,1
42,1,3,below_median,1
42,1,4,above_median,1
42,1,4,below_median,1
42,1,5,above_median,1
42,1,5,below_median,1
42,2,1,above_median,1
42,2,1,below_median,1
42,2,2,above_median,1
42,2,2,below_median,1
42,2,3,above_median,1
42,2,3,below_median,1
42,2,4,above_median,1
42,2,4,below_median,1
42,2,5,above_median,1
42,2,5,below_median,1
43,1,1,above_median,1
43,1,1,below_median,1
43,1,2,above_median,1
43,1,2,below_median,1
43,1,3,above_median,1
43,1,3,below_median,1
43,1,4,above_median,1
43,1,4,below_median,1
43,1,5,above_median,1
43,1,5,below_median,1
43,2,1,above_median,1
43,2,1,below_median,1
43,2,2,above_median,1
43,2,2,below_median,1
43,2,3,above_median,1
43,2,3,below_median,1
43,2,4,above_median,1
43,2,4,below_median,1
43,2,5,above_median,1
43,2,5,below_median,1
44,1,1,above_median,1
44,1,1,below_median,1
44,1,2,above_median,1
44,1,2,below_median,1
44,1,3,above_median,1
44,1,3,below_median,1
44,1,4,above_median,1
44,1,4,below_median,1
44,1,5,above_median,1
44,1,5,below_median,1
44,2,1,above_median,1
44,2,1,below_median,1
44,2,2,above_median,1
44,2,2,below_median,1
44,2,3,above_median,1
44,2,3,below_median,1
44,2,4,above_median,1
44,2,4,below_median,1
44,2,5,above_median,1
44,2,5,below_median,1
45,1,1,above_median,1
45,1,1,below_median,1
45,1,2,above_median,1
45,1,2,below_median,1
45,1,3,above_median,1
45,1,3,below_median,1
45,1,4,above_median,1
45,1,4,below_median,1
45,1,5,above_median,1
45,1,5,below_median,1
45,2,1,above_median,1
45,2,1,below_median,1
45,2,2,above_median,1
45,2,2,below_median,1
45,2,3,above_median,1
45,2,3,below_median,1
45,2,4,above_median,1
45,2,4,below_median,1
45,2,5,above_median,1
45,2,5,below_median,1
46,1,1,above_median,1
46,1,1,below_median,1
46,1,2,above_median,1
46,1,2,below_median,1
46,1,3,above_median,1
46,1,3,below_median,1
46,1,4,above_median,1
46,1,4,below_median,1
46,1,5,above_median,1
46,1,5,below_median,1
46,2,1,above_median,1
46,2,1,below_median,1
46,2,2,above_median,1
46,2,2,below_median,1
46,2,3,above_median,1
46,2,3,below_median,1
46,2,4,above_median,1
46,2,4,below_median,1
46,2,5,above_median,1
46,2,5,below_median,1
47,1,1,above_median,1
47,1,1,below_median,1
47,1,2,above_median,1
47,1,2,below_median,1
47,1,3,above_median,1
47,1,3,below_median,1
47,1,4,above_median,1
47,1,4,below_median,1
47,1,5,above_median,1
47,1,5,below_median,1
47,2,1,above_median,1
47,2,1,below_median,1
47,2,2,above_median,1
47,2,2,below_median,1
47,2,3,above_median,1
47,2,3,below_median,1
47,2,4,above_median,1
47,2,4,below_median,1
47,2,5,above_median,1
47,2,5,below_median,1
48,1,1,above_median,1
48,1,1,below_median,1
48,1,2,above_median,1
48,1,2,below_median,1
48,1,3,above_median,1
48,1,3,below_median,1
48,1,4,above_median,1
48,1,4,below_median,1
48,1,5,above_median,1
48,1,5,below_median,1
48,2,1,above_median,1
48,2,1,below_median,1
48,2,2,above_median,1
48,2,2,below_median,1
48,2,3,above_median,1
48,2,3,below_median,1
48,2,4,above_median,1
48,2,4,below_median,1
48,2,5,above_median,1
48,2,5,below_median,1
49,1,1,above_median,1
49,1,1,below_median,1
49,1,2,above_median,1
49,1,2,below_median,1
49,1,3,above_median,1
49,1,3,below_median,1
49,1,4,above_median,1
49,1,4,below_median,1
49,1,5,above_median,1
49,1,5,below_median,1
49,2,1,above_median,1
49,2,1,below_median,1
49,2,2,above_median,1
49,2,2,below_median,1
49,2,3,above_median,1
49,2,3,below_median,1
49,2,4,above_median,1
49,2,4,below_median,1
49,2,5,above_median,1
49,2,5,below_median,1
50,1,1,above_median,1
50,1,1,below_median,1
50,1,2,above_median,1
50,1,2,below_median,1
50,1,3,above_median,1
50,1,3,below_median,1
50,1,4,above_median,1
50,1,4,below_median,1
50,1,5,above_median,1
50,1,5,below_median,1
50,2,1,above_median,1
50,2,1,below_median,1
50,2,2,above_median,1
50,2,2,below_median,1
50,2,3,above_median,1
50,2,3,below_median,1
50,2,4,above_median,1
50,2,4,below_median,1
50,2,5,above_median,1
50,2,5,below_median,1
51,1,1,above_median,1
51,1,1,below_median,1
51,1,2,above_median,1
51,1,2,below_median,1
51,1,3,above_median,1
51,1,3,below_median,1
51,1,4,above_median,1
51,1,4,below_median,1
51,1,5,above_median,1
51,1,5,below_median,1
51,2,1,above_median,1
51,2,1,below_median,1
51,2,2,above_median,1
51,2,2,below_median,1
51,2,3,above_median,1
51,2,3,below_median,1
51,2,4,above_median,1
51,2,4,below_median,1
51,2,5,above_median,1
51,2,5,below_median,1
52,1,1,above_median,1
52,1,1,below_median,1
52,1,2,above_median,1
52,1,2,below_median,1
52,1,3,above_median,1
52,1,3,below_median,1
52,1,4,above_median,1
52,1,4,below_median,1
52,1,5,above_median,1
52,1,5,below_median,1
52,2,1,above_median,1
52,2,1,below_median,1
52,2,2,above_median,1
52,2,2,below_median,1
52,2,3,above_median,1
52,2,3,below_median,1
52,2,4,above_median,1
52,2,4,below_median,1
52,2,5,above_median,1
52,2,5,below_median,1
53,1,1,above_median,1
53,1,1,below_median,1
53,1,2,above_median,1
53,1,2,below_median,1
53,1,3,above_median,1
53,1,3,below_median,1
53,1,4,above_median,1
53,1,4,below_median,1
53,1,5,above_median,1
53,1,5,below_median,1
53,2,1,above_median,1
53,2,1,below_median,1
53,2,2,above_median,1
53,2,2,below_median,1
53,2,3,above_median,1
53,2,3,below_median,1
53,2,4,above_median,1
53,2,4,below_median,1
53,2,5,above_median,1
53,2,5,below_median,1
54,1,1,above_median,1
54,1,1,below_median,1
54,1,2,above_median,1
54,1,2,below_median,1
54,1,3,above_median,1
54,1,3,below_median,1
54,1,4,above_median,1
54,1,4,below_median,1
54,1,5,above_median,1
54,1,5,below_median,1
54,2,1,above_median,1
54,2,1,below_median,1
54,2,2,above_median,1
54,2,2,below_median,1
54,2,3,above_median,1
54,2,3,below_median,1
54,2,4,above_median,1
54,2,4,below_median,1
54,2,5,above_median,1
54,2,5,below_median,1
55,1,1,above_median,1
55,1,1,below_median,1
55,1,2,above_median,1
55,1,2,below_median,1
55,1,3,above_median,1
55,1,3,below_median,1
55,1,4,above_median,1
55,1,4,below_median,1
55,1,5,above_median,1
55,1,5,below_median,1
55,2,1,above_median,1
55,2,1,below_median,1
55,2,2,above_median,1
55,2,2,below_median,1
55,2,3,above_median,1
55,2,3,below_median,1
55,2,4,above_median,1
55,2,4,below_median,1
55,2,5,above_median,1
55,2,5,below_median,1
56,1,1,above_median,1
56,1,1,below_median,1
56,1,2,above_median,1
56,1,2,below_median,1
56,1,3,above_median,1
56,1,3,below_median,1
56,1,4,above_median,1
56,1,4,below_median,1
56,1,5,above_median,1
56,1,5,below_median,1
56,2,1,above_median,1
56,2,1,below_median,1
56,2,2,above_median,1
56,2,2,below_median,1
56,2,3,above_median,1
56,2,3,below_median,1
56,2,4,above_median,1
56,2,4,below_median,1
56,2,5,above_median,1
56,2,5,below_median,1
57,1,1,above_median,1
57,1,1,below_median,1
57,1,2,above_median,1
57,1,2,below_median,1
57,1,3,above_median,1
57,1,3,below_median,1
57,1,4,above_median,1
57,1,4,below_median,1
57,1,5,above_median,1
57,1,5,below_median,1
57,2,1,above_median,1
57,2,1,below_median,1
57,2,2,above_median,1
57,2,2,below_median,1
57,2,3,above_median,1
57,2,3,below_median,1
57,2,4,above_median,1
57,2,4,below_median,1
57,2,5,above_median,1
57,2,5,below_median,1
58,1,1,above_median,1
58,1,1,below_median,1
58,1,2,above_median,1
58,1,2,below_median,1
58,1,3,above_median,1
58,1,3,below_median,1
58,1,4,above_median,1
58,1,4,below_median,1
58,1,5,above_median,1
58,1,5,below_median,1
58,2,1,above_median,1
58,2,1,below_median,1
58,2,2,above_median,1
58,2,2,below_median,1
58,2,3,above_median,1
58,2,3,below_median,1
58,2,4,above_median,1
58,2,4,below_median,1
58,2,5,above_median,1
58,2,5,below_median,1
59,1,1,above_median,1
59,1,1,below_median,1
59,1,2,above_median,1
59,1,2,below_median,1
59,1,3,above_median,1
59,1,3,below_median,1
59,1,4,above_median,1
59,1,4,below_median,1
59,1,5,above_median,1
59,1,5,below_median,1
59,2,1,above_median,1
59,2,1,below_median,1
59,2,2,above_median,1
59,2,2,below_median,1
59,2,3,above_median,1
59,2,3,below_median,1
59,2,4,above_median,1
59,2,4,below_median,1
59,2,5,above_median,1
59,2,5,below_median,1
60,1,1,above_median,1
60,1,1,below_median,1
60,1,2,above_median,1
60,1,2,below_median,1
60,1,3,above_median,1
60,1,3,below_median,1
60,1,4,above_median,1
60,1,4,below_median,1
60,1,5,above_median,1
60,1,5,below_median,1
60,2,1,above_median,1
60,2,1,below_median,1
60,2,2,above_median,1
60,2,2,below_median,1
60,2,3,above_median,1
60,2,3,below_median,1
60,2,4,above_median,1
60,2,4,below_median,1
60,2,5,above_median,1
60,2,5,below_median,1
61,1,1,above_median,1
61,1,1,below_median,1
61,1,2,above_median,1
61,1,2,below_median,1
61,1,3,above_median,1
61,1,3,below_median,1
61,1,4,above_median,1
61,1,4,below_median,1
61,1,5,above_median,1
61,1,5,below_median,1
61,2,1,above_median,1
61,2,1,below_median,1
61,2,2,above_median,1
61,2,2,below_median,1
61,2,3,above_median,1
61,2,3,below_median,1
61,2,4,above_median,1
61,2,4,below_median,1
61,2,5,above_median,1
61,2,5,below_median,1
62,1,1,above_median,1
62,1,1,below_median,1
62,1,2,above_median,1
62,1,2,below_median,1
62,1,3,above_median,1
62,1,3,below_median,1
62,1,4,above_median,1
62,1,4,below_median,1
62,1,5,above_median,1
62,1,5,below_median,1
62,2,1,above_median,1
62,2,1,below_median,1
62,2,2,above_median,1
62,2,2,below_median,1
62,2,3,above_median,1
62,2,3,below_median,1
62,2,4,above_median,1
62,2,4,below_median,1
62,2,5,above_median,1
62,2,5,below_median,1
63,1,1,above_median,1
63,1,1,below_median,1
63,1,2,above_median,1
63,1,2,below_median,1
63,1,3,above_median,1
63,1,3,below_median,1
63,1,4,above_median,1
63,1,4,below_median,1
63,1,5,above_median,1
63,1,5,below_median,1
63,2,1,above_median,1
63,2,1,below_median,1
63,2,2,above_median,1
63,2,2,below_median,1
63,2,3,above_median,1
63,2,3,below_median,1
63,2,4,above_median,1
63,2,4,below_median,1
63,2,5,above_median,1
63,2,5,below_median,1
64,1,1,above_median,1
64,1,1,below_median,1
64,1,2,above_median,1
64,1,2,below_median,1
64,1,3,above_median,1
64,1,3,below_median,1
64,1,4,above_median,1
64,1,4,below_median,1
64,1,5,above_median,1
64,1,5,below_median,1
64,2,1,above_median,1
64,2,1,below_median,1
64,2,2,above_median,1
64,2,2,below_median,1
64,2,3,above_median,1
64,2,3,below_median,1
64,2,4,above_median,1
64,2,4,below_median,1
64,2,5,above_median,1
64,2,5,below_median,1
65,1,1,above_median,1
65,1,1,below_median,1
65,1,2,above_median,1
65,1,2,below_median,1
65,1,3,above_median,1
65,1,3,below_median,1
65,1,4,above_median,1
65,1,4,below_median,1
65,1,5,above_median,1
65,1,5,below_median,1
65,2,1,above_median,1
65,2,1,below_median,1
65,2,2,above_median,1
65,2,2,below_median,1
65,2,3,above_median,1
65,2,3,below_median,1
65,2,4,above_median,1
65,2,4,below_median,1
65,2,5,above_median,1
65,2,5,below_median,1
66,1,1,above_median,1
66,1,1,below_median,1
66,1,2,above_median,1
66,1,2,below_median,1
66,1,3,above_median,1
66,1,3,below_median,1
66,1,4,above_median,1
66,1,4,below_median,1
66,1,5,above_median,1
66,1,5,below_median,1
66,2,1,above_median,1
66,2,1,below_median,1
66,2,2,above_median,1
66,2,2,below_median,1
66,2,3,above_median,1
66,2,3,below_median,1
66,2,4,above_median,1
66,2,4,below_median,1
66,2,5,above_median,1
66,2,5,below_median,1
67,1,1,above_median,1
67,1,1,below_median,1
67,1,2,above_median,1
67,1,2,below_median,1
67,1,3,above_median,1
67,1,3,below_median,1
67,1,4,above_median,1
67,1,4,below_median,1
67,1,5,above_median,1
67,1,5,below_median,1
67,2,1,above_median,1
67,2,1,below_median,1
67,2,2,above_median,1
67,2,2,below_median,1
67,2,3,above_median,1
67,2,3,below_median,1
67,2,4,above_median,1
67,2,4,below_median,1
67,2,5,above_median,1
67,2,5,below_median,1
68,1,1,above_median,1
68,1,1,below_median,1
68,1,2,above_median,1
68,1,2,below_median,1
68,1,3,above_median,1
68,1,3,below_median,1
68,1,4,above_median,1
68,1,4,below_median,1
68,1,5,above_median,1
68,1,5,below_median,1
68,2,1,above_median,1
68,2,1,below_median,1
68,2,2,above_median,1
68,2,2,below_median,1
68,2,3,above_median,1
68,2,3,below_median,1
68,2,4,above_median,1
68,2,4,below_median,1
68,2,5,above_median,1
68,2,5,below_median,1
69,1,1,above_median,1
69,1,1,below_median,1
69,1,2,above_median,1
69,1,2,below_median,1
69,1,3,above_median,1
69,1,3,below_median,1
69,1,4,above_median,1
69,1,4,below_median,1
69,1,5,above_median,1
69,1,5,below_median,1
69,2,1,above_median,1
69,2,1,below_median,1
69,2,2,above_median,1
69,2,2,below_median,1
69,2,3,above_median,1
69,2,3,below_median,1
69,2,4,above_median,1
69,2,4,below_median,1
69,2,5,above_median,1
69,2,5,below_median,1
70,1,1,above_median,1
70,1,1,below_median,1
70,1,2,above_median,1
70,1,2,below_median,1
70,1,3,above_median,1
70,1,3,below_median,1
70,1,4,above_median,1
70,1,4,below_median,1
70,1,5,above_median,1
70,1,5,below_median,1
70,2,1,above_median,1
70,2,1,below_median,1
70,2,2,above_median,1
70,2,2,below_median,1
70,2,3,above_median,1
70,2,3,below_median,1
70,2,4,above_median,1
70,2,4,below_median,1
70,2,5,above_median,1
70,2,5,below_median,1
71,1,1,above_median,1
71,1,1,below_median,1
71,1,2,above_median,1
71,1,2,below_median,1
71,1,3,above_median,1
71,1,3,below_median,1
71,1,4,above_median,1
71,1,4,below_median,1
71,1,5,above_median,1
71,1,5,below_median,1
71,2,1,above_median,1
71,2,1,below_median,1
71,2,2,above_median,1
71,2,2,below_median,1
71,2,3,above_median,1
71,2,3,below_median,1
71,2,4,above_median,1
71,2,4,below_median,1
71,2,5,above_median,1
71,2,5,below_median,1
72,1,1,above_median,1
72,1,1,below_median,1
72,1,2,above_median,1
72,1,2,below_median,1
72,1,3,above_median,1
72,1,3,below_median,1
72,1,4,above_median,1
72,1,4,below_median,1
72,1,5,above_median,1
72,1,5,below_median,1
72,2,1,above_median,1
72,2,1,below_median,1
72,2,2,above_median,1
72,2,2,below_median,1
72,2,3,above_median,1
72,2,3,below_median,1
72,2,4,above_median,1
72,2,4,below_median,1
72,2,5,above_median,1
72,2,5,below_median,1
73,1,1,above_median,1
73,1,1,below_median,1
73,1,2,above_median,1
73,1,2,below_median,1
73,1,3,above_median,1
73,1,3,below_median,1
73,1,4,above_median,1
73,1,4,below_median,1
73,1,5,above_median,1
73,1,5,below_median,1
73,2,1,above_median,1
73,2,1,below_median,1
73,2,2,above_median,1
73,2,2,below_median,1
73,2,3,above_median,1
73,2,3,below_median,1
73,2,4,above_median,1
73,2,4,below_median,1
73,2,5,above_median,1
73,2,5,below_median,1
74,1,1,above_median,1
74,1,1,below_median,1
74,1,2,above_median,1
74,1,2,below_median,1
74,1,3,above_median,1
74,1,3,below_median,1
74,1,4,above_median,1
74,1,4,below_median,1
74,1,5,above_median,1
74,1,5,below_median,1
74,2,1,above_median,1
74,2,1,below_median,1
74,2,2,above_median,1
74,2,2,below_median,1
74,2,3,above_median,1
74,2,3,below_median,1
74,2,4,above_median,1
74,2,4,below_median,1
74,2,5,above_median,1
74,2,5,below_median,1
75,1,1,above_median,1
75,1,1,below_median,1
75,1,2,above_median,1
75,1,2,below_median,1
75,1,3,above_median,1
75,1,3,below_median,1
75,1,4,above_median,1
75,1,4,below_median,1
75,1,5,above_median,1
75,1,5,below_median,1
75,2,1,above_median,1
75,2,1,below_median,1
75,2,2,above_median,1
75,2,2,below_median,1
75,2,3,above_median,1
75,2,3,below_median,1
75,2,4,above_median,1
75,2,4,below_median,1
75,2,5,above_median,1
75,2,5,below_median,1
76,1,1,above_median,1
76,1,1,below_median,1
76,1,2,above_median,1
76,1,2,below_median,1
76,1,3,above_median,1
76,1,3,below_median,1
76,1,4,above_median,1
76,1,4,below_median,1
76,1,5,above_median,1
76,1,5,below_median,1
76,2,1,above_median,1
76,2,1,below_median,1
76,2,2,above_median,1
76,2,2,below_median,1
76,2,3,above_median,1
76,2,3,below_median,1
76,2,4,above_median,1
76,2,4,below_median,1
76,2,5,above_median,1
76,2,5,below_median,1
77,1,1,above_median,1
77,1,1,below_median,1
77,1,2,above_median,1
77,1,2,below_median,1
77,1,3,above_median,1
77,1,3,below_median,1
77,1,4,above_median,1
77,1,4,below_median,1
77,1,5,above_median,1
77,1,5,below_median,1
77,2,1,above_median,1
77,2,1,below_median,1
77,2,2,above_median,1
77,2,2,below_median,1
77,2,3,above_median,1
77,2,3,below_median,1
77,2,4,above_median,1
77,2,4,below_median,1
77,2,5,above_median,1
77,2,5,below_median,1
78,1,1,above_median,1
78,1,1,below_median,1
78,1,2,above_median,1
78,1,2,below_median,1
78,1,3,above_median,1
78,1,3,below_median,1
78,1,4,above_median,1
78,1,4,below_median,1
78,1,5,above_median,1
78,1,5,below_median,1
78,2,1,above_median,1
78,2,1,below_median,1
78,2,2,above_median,1
78,2,2,below_median,1
78,2,3,above_median,1
78,2,3,below_median,1
78,2,4,above_median,1
78,2,4,below_median,1
78,2,5,above_median,1
78,2,5,below_median,1
79,1,1,above_median,1
79,1,1,below_median,1
79,1,2,above_median,1
79,1,2,below_median,1
79,1,3,above_median,1
79,1,3,below_median,1
79,1,4,above_median,1
79,1,4,below_median,1
79,1,5,above_median,1
79,1,5,below_median,1
79,2,1,above_median,1
79,2,1,below_median,1
79,2,2,above_median,1
79,2,2,below_median,1
79,2,3,above_median,1
79,2,3,below_median,1
79,2,4,above_median,1
79,2,4,below_median,1
79,2,5,above_median,1
79,2,5,below_median,1
80,1,1,above_median,1
80,1,1,below_median,1
80,1,2,above_median,1
80,1,2,below_median,1
80,1,3,above_median,1
80,1,3,below_median,1
80,1,4,above_median,1
80,1,4,below_median,1
80,1,5,above_median,1
80,1,5,below_median,1
80,2,1,above_median,1
80,2,1,below_median,1
80,2,2,above_median,1
80,2,2,below_median,1
80,2,3,above_median,1
80,2,3,below_median,1
80,2,4,above_median,1
80,2,4,below_median,1
80,2,5,above_median,1
80,2,5,below_median,1
81,1,1,above_median,1
81,1,1,below_median,1
81,1,2,above_median,1
81,1,2,below_median,1
81,1,3,above_median,1
81,1,3,below_median,1
81,1,4,above_median,1
81,1,4,below_median,1
81,1,5,above_median,1
81,1,5,below_median,1
81,2,1,above_median,1
81,2,1,below_median,1
81,2,2,above_median,1
81,2,2,below_median,1
81,2,3,above_median,1
81,2,3,below_median,1
81,2,4,above_median,1
81,2,4,below_median,1
81,2,5,above_median,1
81,2,5,below_median,1
82,1,1,above_median,1
82,1,1,below_median,1
82,1,2,above_median,1
82,1,2,below_median,1
82,1,3,above_median,1
82,1,3,below_median,1
82,1,4,above_median,1
82,1,4,below_median,1
82,1,5,above_median,1
82,1,5,below_median,1
82,2,1,above_median,1
82,2,1,below_median,1
82,2,2,above_median,1
82,2,2,below_median,1
82,2,3,above_median,1
82,2,3,below_median,1
82,2,4,above_median,1
82,2,4,below_median,1
82,2,5,above_median,1
82,2,5,below_median,1
83,1,1,above_median,1
83,1,1,below_median,1
83,1,2,above_median,1
83,1,2,below_median,1
83,1,3,above_median,1
83,1,3,below_median,1
83,1,4,above_median,1
83,1,4,below_median,1
83,1,5,above_median,1
83,1,5,below_median,1
83,2,1,above_median,1
83,2,1,below_median,1
83,2,2,above_median,1
83,2,2,below_median,1
83,2,3,above_median,1
83,2,3,below_median,1
83,2,4,above_median,1
83,2,4,below_median,1
83,2,5,above_median,1
83,2,5,below_median,1
84,1,1,above_median,1
84,1,1,below_median,1
84,1,2,above_median,1
84,1,2,below_median,1
84,1,3,above_median,1
84,1,3,below_median,1
84,1,4,above_median,1
84,1,4,below_median,1
84,1,5,above_median,1
84,1,5,below_median,1
84,2,1,above_median,1
84,2,1,below_median,1
84,2,2,above_median,1
84,2,2,below_median,1
84,2,3,above_median,1
84,2,3,below_median,1
84,2,4,above_median,1
84,2,4,below_median,1
84,2,5,above_median,1
84,2,5,below_median,1
85,1,1,above_median,1
85,1,1,below_median,1
85,1,2,above_median,1
85,1,2,below_median,1
85,1,3,above_median,1
85,1,3,below_median,1
85,1,4,above_median,1
85,1,4,below_median,1
85,1,5,above_median,1
85,1,5,below_median,1
85,2,1,above_median,1
85,2,1,below_median,1
85,2,2,above_median,1
85,2,2,below_median,1
85,2,3,above_median,1
85,2,3,below_median,1
85,2,4,above_median,1
85,2,4,below_median,1
85,2,5,above_median,1
85,2,5,below_median,1
86,1,1,above_median,1
86,1,1,below_median,1
86,1,2,above_median,1
86,1,2,below_median,1
86,1,3,above_median,1
86,1,3,below_median,1
86,1,4,above_median,1
86,1,4,below_median,1
86,1,5,above_median,1
86,1,5,below_median,1
86,2,1,above_median,1
86,2,1,below_median,1
86,2,2,above_median,1
86,2,2,below_median,1
86,2,3,above_median,1
86,2,3,below_median,1
86,2,4,above_median,1
86,2,4,below_median,1
86,2,5,above_median,1
86,2,5,below_median,1
87,1,1,above_median,1
87,1,1,below_median,1
87,1,2,above_median,1
87,1,2,below_median,1
87,1,3,above_median,1
87,1,3,below_median,1
87,1,4,above_median,1
87,1,4,below_median,1
87,1,5,above_median,1
87,1,5,below_median,1
87,2,1,above_median,1
87,2,1,below_median,1
87,2,2,above_median,1
87,2,2,below_median,1
87,2,3,above_median,1
87,2,3,below_median,1
87,2,4,above_median,1
87,2,4,below_median,1
87,2,5,above_median,1
87,2,5,below_median,1
88,1,1,above_median,1
88,1,1,below_median,1
88,1,2,above_median,1
88,1,2,below_median,1
88,1,3,above_median,1
88,1,3,below_median,1
88,1,4,above_median,1
88,1,4,below_median,1
88,1,5,above_median,1
88,1,5,below_median,1
88,2,1,above_median,1
88,2,1,below_median,1
88,2,2,above_median,1
88,2,2,below_median,1
88,2,3,above_median,1
88,2,3,below_median,1
88,2,4,above_median,1
88,2,4,below_median,1
88,2,5,above_median,1
88,2,5,below_median,1
89,1,1,above_median,1
89,1,1,below_median,1
89,1,2,above_median,1
89,1,2,below_median,1
89,1,3,above_median,1
89,1,3,below_median,1
89,1,4,above_median,1
89,1,4,below_median,1
89,1,5,above_median,1
89,1,5,below_median,1
89,2,1,above_median,1
89,2,1,below_median,1
89,2,2,above_median,1
89,2,2,below_median,1
89,2,3,above_median,1
89,2,3,below_median,1
89,2,4,above_median,1
89,2,4,below_median,1
89,2,5,above_median,1
89,2,5,below_median,1
90,1,1,above_median,1
90,1,1,below_median,1
90,1,2,above_median,1
90,1,2,below_median,1
90,1,3,above_median,1
90,1,3,below_median,1
90,1,4,above_median,1
90,1,4,below_median,1
90,1,5,above_median,1
90,1,5,below_median,1
90,2,1,above_median,1
90,2,1,below_median,1
90,2,2,above_median,1
90,2,2,below_median,1
90,2,3,above_median,1
90,2,3,below_median,1
90,2,4,above_median,1
90,2,4,below_median,1
90,2,5,above_median,1
90,2,5,below_median,1
91,1,1,above_median,1
91,1,1,below_median,1
91,1,2,above_median,1
91,1,2,below_median,1
91,1,3,above_median,1
91,1,3,below_median,1
91,1,4,above_median,1
91,1,4,below_median,1
91,1,5,above_median,1
91,1,5,below_median,1
91,2,1,above_median,1
91,2,1,below_median,1
91,2,2,above_median,1
91,2,2,below_median,1
91,2,3,above_median,1
91,2,3,below_median,1
91,2,4,above_median,1
91,2,4,below_median,1
91,2,5,above_median,1
91,2,5,below_median,1
92,1,1,above_median,1
92,1,1,below_median,1
92,1,2,above_median,1
92,1,2,below_median,1
92,1,3,above_median,1
92,1,3,below_median,1
92,1,4,above_median,1
92,1,4,below_median,1
92,1,5,above_median,1
92,1,5,below_median,1
92,2,1,above_median,1
92,2,1,below_median,1
92,2,2,above_median,1
92,2,2,below_median,1
92,2,3,above_median,1
92,2,3,below_median,1
92,2,4,above_median,1
92,2,4,below_median,1
92,2,5,above_median,1
92,2,5,below_median,1
93,1,1,above_median,1
93,1,1,below_median,1
93,1,2,above_median,1
93,1,2,below_median,1
93,1,3,above_median,1
93,1,3,below_median,1
93,1,4,above_median,1
93,1,4,below_median,1
93,1,5,above_median,1
93,1,5,below_median,1
93,2,1,above_median,1
93,2,1,below_median,1
93,2,2,above_median,1
93,2,2,below_median,1
93,2,3,above_median,1
93,2,3,below_median,1
93,2,4,above_median,1
93,2,4,below_median,1
93,2,5,above_median,1
93,2,5,below_median,1
94,1,1,above_median,1
94,1,1,below_median,1
94,1,2,above_median,1
94,1,2,below_median,1
94,1,3,above_median,1
94,1,3,below_median,1
94,1,4,above_median,1
94,1,4,below_median,1
94,1,5,above_median,1
94,1,5,below_median,1
94,2,1,above_median,1
94,2,1,below_median,1
94,2,2,above_median,1
94,2,2,below_median,1
94,2,3,above_median,1
94,2,3,below_median,1
94,2,4,above_median,1
94,2,4,below_median,1
94,2,5,above_median,1
94,2,5,below_median,1
95,1,1,above_median,1
95,1,1,below_median,1
95,1,2,above_median,1
95,1,2,below_median,1
95,1,3,above_median,1
95,1,3,below_median,1
95,1,4,above_median,1
95,1,4,below_median,1
95,1,5,above_median,1
95,1,5,below_median,1
95,2,1,above_median,1
95,2,1,below_median,1
95,2,2,above_median,1
95,2,2,below_median,1
95,2,3,above_median,1
95,2,3,below_median,1
95,2,4,above_median,1
95,2,4,below_median,1
95,2,5,above_median,1
95,2,5,below_median,1
96,1,1,above_median,1
96,1,1,below_median,1
96,1,2,below_median,1
96,1,4,above_median,1
96,1,4,below_median,1
96,1,5,above_median,1
96,1,5,below_median,1
96,2,1,above_median,1
96,2,1,below_median,1
96,2,2,above_median,1
96,2,2,below_median,1
96,2,4,above_median,1
96,2,4,below_median,1
96,2,5,above_median,1
96,2,5,below_median,1
97,1,1,above_median,1
97,1,1,below_median,1
97,1,2,above_median,1
97,1,4,above_median,1
97,1,4,below_median,1
97,1,5,above_median,1
97,1,5,below_median,1
97,2,1,above_median,1
97,2,1,below_median,1
97,2,4,above_median,1
97,2,4,below_median,1
